{"cameraMode":{"drawMode":0,"name":"Shaded","section":"Shading Mode"},"sceneLighting":true,"audioPlay":false,"sceneViewState":{"m_AlwaysRefresh":false,"showFog":true,"showSkybox":true,"showFlares":true,"showImageEffects":true,"showParticleSystems":true,"showVisualEffectGraphs":true,"m_FxEnabled":true},"in2DMode":false,"pivot":{"x":20.167890548706056,"y":10.92306900024414,"z":28.106962203979493},"rotation":{"x":0.14154115319252015,"y":-0.19582368433475495,"z":0.028559161350131036,"w":0.9699700474739075},"size":30.894136428833009,"orthographic":false}