{"cameraMode":{"drawMode":0,"name":"Shaded","section":"Shading Mode"},"sceneLighting":true,"audioPlay":false,"sceneViewState":{"m_AlwaysRefresh":false,"showFog":true,"showSkybox":true,"showFlares":true,"showImageEffects":true,"showParticleSystems":true,"showVisualEffectGraphs":true,"m_FxEnabled":true},"in2DMode":false,"pivot":{"x":528.5405883789063,"y":738.2918701171875,"z":73.53661346435547},"rotation":{"x":0.06713756918907166,"y":0.008079067803919316,"z":0.0005436920910142362,"w":-0.9977108240127564},"size":832.1424560546875,"orthographic":false}