{"cameraMode":{"drawMode":0,"name":"Shaded","section":"Shading Mode"},"sceneLighting":true,"audioPlay":false,"sceneViewState":{"m_AlwaysRefresh":false,"showFog":true,"showSkybox":true,"showFlares":true,"showImageEffects":true,"showParticleSystems":true,"showVisualEffectGraphs":true,"m_FxEnabled":true},"in2DMode":false,"pivot":{"x":58.18558883666992,"y":3.7079548835754396,"z":-7.293067455291748},"rotation":{"x":0.14300161600112916,"y":-0.26092642545700076,"z":0.03911149501800537,"w":0.9539225101470947},"size":2.210008144378662,"orthographic":false}